{
    "accuracy": 0.65,
    "precision": 0.6363636363636364,
    "recall": 0.7,
    "f1_score": 0.6666666666666666
}
